0	Tench	tench, Tinca tinca,	Animal	Fish		
1	Goldfish	goldfish, Carassius auratus,	Animal	Fish		
2	Great White Shark	great white shark, white shark, man-eater, man-eating shark, Carcharodon carcharias,	Animal	Fish		
3	Tiger Shark	tiger shark, Galeocerdo cuvieri,	Animal	Fish		
4	Hammerhead Shark	hammerhead, hammerhead shark,	Animal	Fish		
5	Electric Ray	electric ray, crampfish, numbfish, torpedo,	Animal	Fish		
6	Stingray	stingray,	Animal	Fish		
7	Cock	cock,	Animal	Bird		
8	Hen	hen,	Animal	Bird		
9	Ostrich	ostrich, Struthio camelus,	Animal	Bird		
10	Brambling	brambling, Fringilla montifringilla,	Animal	Bird		
11	Goldfinch	goldfinch, Carduelis carduelis,	Animal	Bird		
12	House Finch	house finch, linnet, Carpodacus mexicanus,	Animal	Bird		
13	Junco	junco, snowbird,	Animal	Bird		
14	Indigo Bunting	indigo bunting, indigo finch, indigo bird, Passerina cyanea,	Animal	Bird		
15	American Robin	robin, American robin, Turdus migratorius,	Animal	Bird		
16	Bulbul	bulbul,	Animal	Bird		
17	Jay	jay,	Animal	Bird		
18	Magpie	magpie,	Animal	Bird		
19	Chickadee	chickadee,	Animal	Bird		
20	American Dipper	water ouzel, dipper,	Animal	Bird		
21	Kite	kite,	Animal	Bird		
22	Bald Eagle	bald eagle, American eagle, Haliaeetus leucocephalus,	Animal	Bird		
23	Vulture	vulture,	Animal	Bird		
24	Great Grey Owl	great grey owl, great gray owl, Strix nebulosa,	Animal	Bird		
25	Fire Salamander	European fire salamander, Salamandra salamandra,	Animal	Amphibian		
26	Smooth Newt	common newt, Triturus vulgaris,	Animal	Amphibian		
27	Newt	eft,	Animal	Amphibian		
28	Spotted Salamander	spotted salamander, Ambystoma maculatum,	Animal	Amphibian		
29	Axolotl	axolotl, mud puppy, Ambystoma mexicanum,	Animal	Amphibian		
30	American Bullfrog	bullfrog, Rana catesbeiana,	Animal	Amphibian		
31	Tree Frog	tree frog, tree-frog,	Animal	Amphibian		
32	Tailed Frog	tailed frog, bell toad, ribbed toad, tailed toad, Ascaphus trui,	Animal	Amphibian		
33	Loggerhead Sea Turtle	loggerhead, loggerhead turtle, Caretta caretta,	Animal	Amphibian		
34	Leatherback Sea Turtle	leatherback turtle, leatherback, leathery turtle, Dermochelys coriacea,	Animal	Amphibian		
35	Mud Turtle	mud turtle,	Animal	Amphibian		
36	Terrapin	terrapin,	Animal	Amphibian		
37	Box Turtle	box turtle, box tortoise,	Animal	Amphibian		
38	Banded Gecko	banded gecko,	Animal	Reptile		
39	Green Iguana	common iguana, iguana, Iguana iguana,	Animal	Reptile		
40	Carolina Anole	American chameleon, anole, Anolis carolinensis,	Animal	Reptile		
41	Desert Grassland Whiptail Lizard	whiptail, whiptail lizard,	Animal	Reptile		
42	Agama	agama,	Animal	Reptile		
43	Frilled-necked Lizard	frilled lizard, Chlamydosaurus kingi,	Animal	Reptile		
44	Alligator Lizard	alligator lizard,	Animal	Reptile		
45	Gila Monster	Gila monster, Heloderma suspectum,	Animal	Reptile		
46	European Green Lizard	green lizard, Lacerta viridis,	Animal	Reptile		
47	Chameleon	African chameleon, Chamaeleo chamaeleon,	Animal	Reptile		
48	Komodo Dragon	Komodo dragon, Komodo lizard, dragon lizard, giant lizard, Varanus komodoensis,	Animal	Reptile		
49	Nile Crocodile	African crocodile, Nile crocodile, Crocodylus niloticus,	Animal	Reptile		
50	American Alligator	American alligator, Alligator mississipiensis,	Animal	Reptile		
51	Triceratops	triceratops,	Animal	Reptile		
52	Worm Snake	thunder snake, worm snake, Carphophis amoenus,	Animal	Reptile		
53	Ring-necked Snake	ringneck snake, ring-necked snake, ring snake,	Animal	Reptile		
54	Eastern Hog-nosed Snake	hognose snake, puff adder, sand viper,	Animal	Reptile		
55	Smooth Green Snake	green snake, grass snake,	Animal	Reptile		
56	Kingsnake	king snake, kingsnake,	Animal	Reptile		
57	Garter Snake	garter snake, grass snake,	Animal	Reptile		
58	Water Snake	water snake,	Animal	Reptile		
59	Vine Snake	vine snake,	Animal	Reptile		
60	Night Snake	night snake, Hypsiglena torquata,	Animal	Reptile		
61	Boa Constrictor	boa constrictor, Constrictor constrictor,	Animal	Reptile		
62	African Rock Python	rock python, rock snake, Python sebae,	Animal	Reptile		
63	Indian Cobra	Indian cobra, Naja naja,	Animal	Reptile		
64	Green Mamba	green mamba,	Animal	Reptile		
65	Sea Snake	sea snake,	Animal	Reptile		
66	Saharan Horned Viper	horned viper, cerastes, sand viper, horned asp, Cerastes cornutus,	Animal	Reptile		
67	Eastern Diamondback Rattlesnake	diamondback, diamondback rattlesnake, Crotalus adamanteus,	Animal	Reptile		
68	Sidewinder	sidewinder, horned rattlesnake, Crotalus cerastes,	Animal	Reptile		
69	Trilobite	trilobite,	Animal	Arthopod		
70	Harvestman	harvestman, daddy longlegs, Phalangium opilio,	Animal	Arthopod		
71	Scorpion	scorpion,	Animal	Arthopod		
72	Yellow Garden Spider	black and gold garden spider, Argiope aurantia,	Animal	Arthopod		
73	Barn Spider	barn spider, Araneus cavaticus,	Animal	Arthopod		
74	European Garden Spider	garden spider, Aranea diademata,	Animal	Arthopod		
75	Southern Black Widow	black widow, Latrodectus mactans,	Animal	Arthopod		
76	Tarantula	tarantula,	Animal	Arthopod		
77	Wolf Spider	wolf spider, hunting spider,	Animal	Arthopod		
78	Tick	tick,	Animal	Arthopod		
79	Centipede	centipede,	Animal	Arthopod		
80	Black Grouse	black grouse,	Animal	Bird		
81	Ptarmigan	ptarmigan,	Animal	Bird		
82	Ruffed Grouse	ruffed grouse, partridge, Bonasa umbellus,	Animal	Bird		
83	Prairie Grouse	prairie chicken, prairie grouse, prairie fowl,	Animal	Bird		
84	Peacock	peacock,	Animal	Bird		
85	Quail	quail,	Animal	Bird		
86	Partridge	partridge,	Animal	Bird		
87	Grey Parrot	African grey, African gray, Psittacus erithacus,	Animal	Bird		
88	Macaw	macaw,	Animal	Bird		
89	Sulphur-crested Cockatoo	sulphur-crested cockatoo, Kakatoe galerita, Cacatua galerita,	Animal	Bird		
90	Lorikeet	lorikeet,	Animal	Bird		
91	Coucal	coucal,	Animal	Bird		
92	Bee Eater	bee eater,	Animal	Bird		
93	Hornbill	hornbill,	Animal	Bird		
94	Hummingbird	hummingbird,	Animal	Bird		
95	Jacamar	jacamar,	Animal	Bird		
96	Toucan	toucan,	Animal	Bird		
97	Duck	drake,	Animal	Bird		
98	Red-breasted Merganser	red-breasted merganser, Mergus serrator,	Animal	Bird		
99	Goose	goose,	Animal	Bird		
100	Black Swan	black swan, Cygnus atratus,	Animal	Bird		
101	Tusker	tusker,	Animal	Mammal		
102	Echidna	echidna, spiny anteater, anteater,	Animal	Mammal		
103	Platypus	platypus, duckbill, duckbilled platypus, duck-billed platypus, Ornithorhynchus anatinus,	Animal	Mammal		
104	Wallaby	wallaby, brush kangaroo,	Animal	Mammal		
105	Koala	koala, koala bear, kangaroo bear, native bear, Phascolarctos cinereus,	Animal	Mammal		
106	Wombat	wombat,	Animal	Mammal		
107	Jellyfish	jellyfish,	Animal	Invertebrate		
108	Sea Anemone	sea anemone, anemone,	Animal	Invertebrate		
109	Brain Coral	brain coral,	Animal	Invertebrate		
110	Flatworm	flatworm, platyhelminth,	Animal	Invertebrate		
111	Nematode	nematode, nematode worm, roundworm,	Animal	Invertebrate		
112	Conch	conch,	Animal	Mollusc		
113	Snail	snail,	Animal	Mollusc		
114	Slug	slug,	Animal	Mollusc		
115	Sea Slug	sea slug, nudibranch,	Animal	Mollusc		
116	Chiton	chiton, coat-of-mail shell, sea cradle, polyplacophore,	Animal	Mollusc		
117	Chambered Nautilus	chambered nautilus, pearly nautilus, nautilus,	Animal	Mollusc		
118	Dungeness Crab	Dungeness crab, Cancer magister,	Animal	Crustacean		
119	Rock Crab	rock crab, Cancer irroratus,	Animal	Crustacean		
120	Fiddler Crab	fiddler crab,	Animal	Crustacean		
121	Red King Crab	king crab, Alaska crab, Alaskan king crab, Alaska king crab, Paralithodes camtschatica,	Animal	Crustacean		
122	American Lobster	American lobster, Northern lobster, Maine lobster, Homarus americanus,	Animal	Crustacean		
123	Spiny Lobster	spiny lobster, langouste, rock lobster, crawfish, crayfish, sea crawfish,	Animal	Crustacean		
124	Crayfish	crayfish, crawfish, crawdad, crawdaddy,	Animal	Crustacean		
125	Hermit Crab	hermit crab,	Animal	Crustacean		
126	Isopod	isopod,	Animal	Crustacean		
127	White Stork	white stork, Ciconia ciconia,	Animal	Bird		
128	Black Stork	black stork, Ciconia nigra,	Animal	Bird		
129	Spoonbill	spoonbill,	Animal	Bird		
130	Flamingo	flamingo,	Animal	Bird		
131	Little Blue Heron	little blue heron, Egretta caerulea,	Animal	Bird		
132	Great Egret	American egret, great white heron, Egretta albus,	Animal	Bird		
133	Bittern	bittern,	Animal	Bird		
134	Crane	crane,	Animal	Bird		
135	Limpkin	limpkin, Aramus pictus,	Animal	Bird		
136	Common Gallinule	European gallinule, Porphyrio porphyrio,	Animal	Bird		
137	American Coot	American coot, marsh hen, mud hen, water hen, Fulica americana,	Animal	Bird		
138	Bustard	bustard,	Animal	Bird		
139	Ruddy Turnstone	ruddy turnstone, Arenaria interpres,	Animal	Bird		
140	Dunlin	red-backed sandpiper, dunlin, Erolia alpina,	Animal	Bird		
141	Common Redshank	redshank, Tringa totanus,	Animal	Bird		
142	Dowitcher	dowitcher,	Animal	Bird		
143	Oystercatcher	oystercatcher, oyster catcher,	Animal	Bird		
144	Pelican	pelican,	Animal	Bird		
145	King Penguin	king penguin, Aptenodytes patagonica,	Animal	Bird		
146	Albatross	albatross, mollymawk,	Animal	Bird		
147	Grey Whale	grey whale, gray whale, devilfish, Eschrichtius gibbosus, Eschrichtius robustus,	Animal	Mammal		
148	Killer Whale	killer whale, killer, orca, grampus, sea wolf, Orcinus orca,	Animal	Mammal		
149	Dugong	dugong, Dugong dugon,	Animal	Mammal		
150	Sea Lion	sea lion,	Animal	Mammal		
151	Chihuahua	Chihuahua,	Animal	Mammal		
152	Japanese Chin	Japanese spaniel,	Animal	Mammal		
153	Maltese	Maltese dog, Maltese terrier, Maltese,	Animal	Mammal		
154	Pekingese	Pekinese, Pekingese, Peke,	Animal	Mammal		
155	Shih Tzu	Shih-Tzu,	Animal	Mammal		
156	King Charles Spaniel	Blenheim spaniel,	Animal	Mammal		
157	Papillon	papillon,	Animal	Mammal		
158	Toy Terrier	toy terrier,	Animal	Mammal		
159	Rhodesian Ridgeback	Rhodesian ridgeback,	Animal	Mammal		
160	Afghan Hound	Afghan hound, Afghan,	Animal	Mammal		
161	Basset Hound	basset, basset hound,	Animal	Mammal		
162	Beagle	beagle,	Animal	Mammal		
163	Bloodhound	bloodhound, sleuthhound,	Animal	Mammal		
164	Bluetick Coonhound	bluetick,	Animal	Mammal		
165	Black And Tan Coonhound	black-and-tan coonhound,	Animal	Mammal		
166	Treeing Walker Coonhound	Walker hound, Walker foxhound,	Animal	Mammal		
167	English Foxhound	English foxhound,	Animal	Mammal		
168	Redbone Coonhound	redbone,	Animal	Mammal		
169	Borzoi	borzoi, Russian wolfhound,	Animal	Mammal		
170	Irish Wolfhound	Irish wolfhound,	Animal	Mammal		
171	Italian Greyhound	Italian greyhound,	Animal	Mammal		
172	Whippet	whippet,	Animal	Mammal		
173	Ibizan Hound	Ibizan hound, Ibizan Podenco,	Animal	Mammal		
174	Norwegian Elkhound	Norwegian elkhound, elkhound,	Animal	Mammal		
175	Otterhound	otterhound, otter hound,	Animal	Mammal		
176	Saluki	Saluki, gazelle hound,	Animal	Mammal		
177	Scottish Deerhound	Scottish deerhound, deerhound,	Animal	Mammal		
178	Weimaraner	Weimaraner,	Animal	Mammal		
179	Staffordshire Bull Terrier	Staffordshire bullterrier, Staffordshire bull terrier,	Animal	Mammal		
180	American Staffordshire Terrier	American Staffordshire terrier, Staffordshire terrier, American pit bull terrier, pit bull terrier,	Animal	Mammal		
181	Bedlington Terrier	Bedlington terrier,	Animal	Mammal		
182	Border Terrier	Border terrier,	Animal	Mammal		
183	Kerry Blue Terrier	Kerry blue terrier,	Animal	Mammal		
184	Irish Terrier	Irish terrier,	Animal	Mammal		
185	Norfolk Terrier	Norfolk terrier,	Animal	Mammal		
186	Norwich Terrier	Norwich terrier,	Animal	Mammal		
187	Yorkshire Terrier	Yorkshire terrier,	Animal	Mammal		
188	Wire Fox Terrier	wire-haired fox terrier,	Animal	Mammal		
189	Lakeland Terrier	Lakeland terrier,	Animal	Mammal		
190	Sealyham Terrier	Sealyham terrier, Sealyham,	Animal	Mammal		
191	Airedale Terrier	Airedale, Airedale terrier,	Animal	Mammal		
192	Cairn Terrier	cairn, cairn terrier,	Animal	Mammal		
193	Australian Terrier	Australian terrier,	Animal	Mammal		
194	Dandie Dinmont Terrier	Dandie Dinmont, Dandie Dinmont terrier,	Animal	Mammal		
195	Boston Terrier	Boston bull, Boston terrier,	Animal	Mammal		
196	Miniature Schnauzer	miniature schnauzer,	Animal	Mammal		
197	Giant Schnauzer	giant schnauzer,	Animal	Mammal		
198	Standard Schnauzer	standard schnauzer,	Animal	Mammal		
199	Scottish Terrier	Scotch terrier, Scottish terrier, Scottie,	Animal	Mammal		
200	Tibetan Terrier	Tibetan terrier, chrysanthemum dog,	Animal	Mammal		
201	Australian Silky Terrier	silky terrier, Sydney silky,	Animal	Mammal		
202	Soft-coated Wheaten Terrier	soft-coated wheaten terrier,	Animal	Mammal		
203	West Highland White Terrier	West Highland white terrier,	Animal	Mammal		
204	Lhasa Apso	Lhasa, Lhasa apso,	Animal	Mammal		
205	Flat-Coated Retriever	flat-coated retriever,	Animal	Mammal		
206	Curly-coated Retriever	curly-coated retriever,	Animal	Mammal		
207	Golden Retriever	golden retriever,	Animal	Mammal		
208	Labrador Retriever	Labrador retriever,	Animal	Mammal		
209	Chesapeake Bay Retriever	Chesapeake Bay retriever,	Animal	Mammal		
210	German Shorthaired Pointer	German short-haired pointer,	Animal	Mammal		
211	Vizsla	vizsla, Hungarian pointer,	Animal	Mammal		
212	English Setter	English setter,	Animal	Mammal		
213	Irish Setter	Irish setter, red setter,	Animal	Mammal		
214	Gordon Setter	Gordon setter,	Animal	Mammal		
215	Brittany	Brittany spaniel,	Animal	Mammal		
216	Clumber Spaniel	clumber, clumber spaniel,	Animal	Mammal		
217	English Springer Spaniel	English springer, English springer spaniel,	Animal	Mammal		
218	Welsh Springer Spaniel	Welsh springer spaniel,	Animal	Mammal		
219	Cocker Spaniels	cocker spaniel, English cocker spaniel, cocker,	Animal	Mammal		
220	Sussex Spaniel	Sussex spaniel,	Animal	Mammal		
221	Irish Water Spaniel	Irish water spaniel,	Animal	Mammal		
222	Kuvasz	kuvasz,	Animal	Mammal		
223	Schipperke	schipperke,	Animal	Mammal		
224	Groenendael	groenendael,	Animal	Mammal		
225	Malinois	malinois,	Animal	Mammal		
226	Briard	briard,	Animal	Mammal		
227	Australian Kelpie	kelpie,	Animal	Mammal		
228	Komondor	komondor,	Animal	Mammal		
229	Old English Sheepdog	Old English sheepdog, bobtail,	Animal	Mammal		
230	Shetland Sheepdog	Shetland sheepdog, Shetland sheep dog, Shetland,	Animal	Mammal		
231	Collie	collie,	Animal	Mammal		
232	Border Collie	Border collie,	Animal	Mammal		
233	Bouvier Des Flandres	Bouvier des Flandres, Bouviers des Flandres,	Animal	Mammal		
234	Rottweiler	Rottweiler,	Animal	Mammal		
235	German Shepherd Dog	German shepherd, German shepherd dog, German police dog, alsatian,	Animal	Mammal		
236	Dobermann	Doberman, Doberman pinscher,	Animal	Mammal		
237	Miniature Pinscher	miniature pinscher,	Animal	Mammal		
238	Greater Swiss Mountain Dog	Greater Swiss Mountain dog,	Animal	Mammal		
239	Bernese Mountain Dog	Bernese mountain dog,	Animal	Mammal		
240	Appenzeller Sennenhund	Appenzeller,	Animal	Mammal		
241	Entlebucher Sennenhund	EntleBucher,	Animal	Mammal		
242	Boxer	boxer,	Animal	Mammal		
243	Bullmastiff	bull mastiff,	Animal	Mammal		
244	Tibetan Mastiff	Tibetan mastiff,	Animal	Mammal		
245	French Bulldog	French bulldog,	Animal	Mammal		
246	Great Dane	Great Dane,	Animal	Mammal		
247	St. Bernard	Saint Bernard, St Bernard,	Animal	Mammal		
248	Husky	Eskimo dog, husky,	Animal	Mammal		
249	Alaskan Malamute	malamute, malemute, Alaskan malamute,	Animal	Mammal		
250	Siberian Husky	Siberian husky,	Animal	Mammal		
251	Dalmatian	dalmatian, coach dog, carriage dog,	Animal	Mammal		
252	Affenpinscher	affenpinscher, monkey pinscher, monkey dog,	Animal	Mammal		
253	Basenji	basenji,	Animal	Mammal		
254	Pug	pug, pug-dog,	Animal	Mammal		
255	Leonberger	Leonberg,	Animal	Mammal		
256	Newfoundland	Newfoundland, Newfoundland dog,	Animal	Mammal		
257	Pyrenean Mountain Dog	Great Pyrenees,	Animal	Mammal		
258	Samoyed	Samoyed, Samoyede,	Animal	Mammal		
259	Pomeranian	Pomeranian,	Animal	Mammal		
260	Chow Chow	chow, chow chow,	Animal	Mammal		
261	Keeshond	keeshond,	Animal	Mammal		
262	Griffon Bruxellois	Brabancon griffon,	Animal	Mammal		
263	Pembroke Welsh Corgi	Pembroke, Pembroke Welsh corgi,	Animal	Mammal		
264	Cardigan Welsh Corgi	Cardigan, Cardigan Welsh corgi,	Animal	Mammal		
265	Toy Poodle	toy poodle,	Animal	Mammal		
266	Miniature Poodle	miniature poodle,	Animal	Mammal		
267	Standard Poodle	standard poodle,	Animal	Mammal		
268	Mexican Hairless Dog	Mexican hairless,	Animal	Mammal		
269	Grey Wolf	timber wolf, grey wolf, gray wolf, Canis lupus,	Animal	Mammal		
270	Alaskan Tundra Wolf	white wolf, Arctic wolf, Canis lupus tundrarum,	Animal	Mammal		
271	Red Wolf	red wolf, maned wolf, Canis rufus, Canis niger,	Animal	Mammal		
272	Coyote	coyote, prairie wolf, brush wolf, Canis latrans,	Animal	Mammal		
273	Dingo	dingo, warrigal, warragal, Canis dingo,	Animal	Mammal		
274	Dhole	dhole, Cuon alpinus,	Animal	Mammal		
275	African Wild Dog	African hunting dog, hyena dog, Cape hunting dog, Lycaon pictus,	Animal	Mammal		
276	Hyena	hyena, hyaena,	Animal	Mammal		
277	Red Fox	red fox, Vulpes vulpes,	Animal	Mammal		
278	Kit Fox	kit fox, Vulpes macrotis,	Animal	Mammal		
279	Arctic Fox	Arctic fox, white fox, Alopex lagopus,	Animal	Mammal		
280	Grey Fox	grey fox, gray fox, Urocyon cinereoargenteus,	Animal	Mammal		
281	Tabby Cat	tabby, tabby cat,	Animal	Mammal		
282	Tiger Cat	tiger cat,	Animal	Mammal		
283	Persian Cat	Persian cat,	Animal	Mammal		
284	Siamese Cat	Siamese cat, Siamese,	Animal	Mammal		
285	Egyptian Mau	Egyptian cat,	Animal	Mammal		
286	Cougar	cougar, puma, catamount, mountain lion, painter, panther, Felis concolor,	Animal	Mammal		
287	Lynx	lynx, catamount,	Animal	Mammal		
288	Leopard	leopard, Panthera pardus,	Animal	Mammal		
289	Snow Leopard	snow leopard, ounce, Panthera uncia,	Animal	Mammal		
290	Jaguar	jaguar, panther, Panthera onca, Felis onca,	Animal	Mammal		
291	Lion	lion, king of beasts, Panthera leo,	Animal	Mammal		
292	Tiger	tiger, Panthera tigris,	Animal	Mammal		
293	Cheetah	cheetah, chetah, Acinonyx jubatus,	Animal	Mammal		
294	Brown Bear	brown bear, bruin, Ursus arctos,	Animal	Mammal		
295	American Black Bear	American black bear, black bear, Ursus americanus, Euarctos americanus,	Animal	Mammal		
296	Polar Bear	ice bear, polar bear, Ursus Maritimus, Thalarctos maritimus,	Animal	Mammal		
297	Sloth Bear	sloth bear, Melursus ursinus, Ursus ursinus,	Animal	Mammal		
298	Mongoose	mongoose,	Animal	Mammal		
299	Meerkat	meerkat, mierkat,	Animal	Mammal		
300	Tiger Beetle	tiger beetle,	Animal	Insect		
301	Ladybug	ladybug, ladybeetle, lady beetle, ladybird, ladybird beetle,	Animal	Insect		
302	Ground Beetle	ground beetle, carabid beetle,	Animal	Insect		
303	Longhorn Beetle	long-horned beetle, longicorn, longicorn beetle,	Animal	Insect		
304	Leaf Beetle	leaf beetle, chrysomelid,	Animal	Insect		
305	Dung Beetle	dung beetle,	Animal	Insect		
306	Rhinoceros Beetle	rhinoceros beetle,	Animal	Insect		
307	Weevil	weevil,	Animal	Insect		
308	Fly	fly,	Animal	Insect		
309	Bee	bee,	Animal	Insect		
310	Ant	ant, emmet, pismire,	Animal	Insect		
311	Grasshopper	grasshopper, hopper,	Animal	Insect		
312	Cricket	cricket,	Animal	Insect		
313	Stick Insect	walking stick, walkingstick, stick insect,	Animal	Insect		
314	Cockroach	cockroach, roach,	Animal	Insect		
315	Mantis	mantis, mantid,	Animal	Insect		
316	Cicada	cicada, cicala,	Animal	Insect		
317	Leafhopper	leafhopper,	Animal	Insect		
318	Lacewing	lacewing, lacewing fly,	Animal	Insect		
319	Dragonfly	dragonfly, darning needle, devil's darning needle, sewing needle, snake feeder, snake doctor, mosquito hawk, skeeter hawk,	Animal	Insect		
320	Damselfly	damselfly,	Animal	Insect		
321	Red Admiral	admiral,	Animal	Insect		
322	Ringlet	ringlet, ringlet butterfly,	Animal	Insect		
323	Monarch Butterfly	monarch, monarch butterfly, milkweed butterfly, Danaus plexippus,	Animal	Insect		
324	Small White	cabbage butterfly,	Animal	Insect		
325	Sulphur Butterfly	sulphur butterfly, sulfur butterfly,	Animal	Insect		
326	Gossamer-winged Butterfly	lycaenid, lycaenid butterfly,	Animal	Insect		
327	Starfish	starfish, sea star,	Animal	Starfish and Sea Urchins		
328	Sea Urchin	sea urchin,	Animal	Starfish and Sea Urchins		
329	Sea Cucumber	sea cucumber, holothurian,	Animal	Starfish and Sea Urchins		
330	Cottontail Rabbit	wood rabbit, cottontail, cottontail rabbit,	Animal	Mammal		
331	Hare	hare,	Animal	Mammal		
332	Angora Rabbit	Angora, Angora rabbit,	Animal	Mammal		
333	Hamster	hamster,	Animal	Mammal		
334	Porcupine	porcupine, hedgehog,	Animal	Mammal		
335	Fox Squirrel	fox squirrel, eastern fox squirrel, Sciurus niger,	Animal	Mammal		
336	Marmot	marmot,	Animal	Mammal		
337	Beaver	beaver,	Animal	Mammal		
338	Guinea Pig	guinea pig, Cavia cobaya,	Animal	Mammal		
339	Common Sorrel	sorrel,	Animal	Mammal		
340	Zebra	zebra,	Animal	Mammal		
341	Pig	hog, pig, grunter, squealer, Sus scrofa,	Animal	Mammal		
342	Wild Boar	wild boar, boar, Sus scrofa,	Animal	Mammal		
343	Warthog	warthog,	Animal	Mammal		
344	Hippopotamus	hippopotamus, hippo, river horse, Hippopotamus amphibius,	Animal	Mammal		
345	Ox	ox,	Animal	Mammal		
346	Water Buffalo	water buffalo, water ox, Asiatic buffalo, Bubalus bubalis,	Animal	Mammal		
347	Bison	bison,	Animal	Mammal		
348	Ram	ram, tup,	Animal	Mammal		
349	Bighorn Sheep	bighorn, bighorn sheep, cimarron, Rocky Mountain bighorn, Rocky Mountain sheep, Ovis canadensis,	Animal	Mammal		
350	Alpine Ibex	ibex, Capra ibex,	Animal	Mammal		
351	Hartebeest	hartebeest,	Animal	Mammal		
352	Impala	impala, Aepyceros melampus,	Animal	Mammal		
353	Gazelle	gazelle,	Animal	Mammal		
354	Dromedary	Arabian camel, dromedary, Camelus dromedarius,	Animal	Mammal		
355	Llama	llama,	Animal	Mammal		
356	Weasel	weasel,	Animal	Mammal		
357	Mink	mink,	Animal	Mammal		
358	European Polecat	polecat, fitch, foulmart, foumart, Mustela putorius,	Animal	Mammal		
359	Black-footed Ferret	black-footed ferret, ferret, Mustela nigripes,	Animal	Mammal		
360	Otter	otter,	Animal	Mammal		
361	Skunk	skunk, polecat, wood pussy,	Animal	Mammal		
362	Badger	badger,	Animal	Mammal		
363	Armadillo	armadillo,	Animal	Mammal		
364	Three-toed Sloth	three-toed sloth, ai, Bradypus tridactylus,	Animal	Mammal		
365	Orangutan	orangutan, orang, orangutang, Pongo pygmaeus,	Animal	Mammal		
366	Gorilla	gorilla, Gorilla gorilla,	Animal	Mammal		
367	Chimpanzee	chimpanzee, chimp, Pan troglodytes,	Animal	Mammal		
368	Gibbon	gibbon, Hylobates lar,	Animal	Mammal		
369	Siamang	siamang, Hylobates syndactylus, Symphalangus syndactylus,	Animal	Mammal		
370	Guenon	guenon, guenon monkey,	Animal	Mammal		
371	Patas Monkey	patas, hussar monkey, Erythrocebus patas,	Animal	Mammal		
372	Baboon	baboon,	Animal	Mammal		
373	Macaque	macaque,	Animal	Mammal		
374	Langur	langur,	Animal	Mammal		
375	Black-and-white Colobus	colobus, colobus monkey,	Animal	Mammal		
376	Proboscis Monkey	proboscis monkey, Nasalis larvatus,	Animal	Mammal		
377	Marmoset	marmoset,	Animal	Mammal		
378	White-headed Capuchin	capuchin, ringtail, Cebus capucinus,	Animal	Mammal		
379	Howler Monkey	howler monkey, howler,	Animal	Mammal		
380	Titi	titi, titi monkey,	Animal	Mammal		
381	Geoffroy's Spider Monkey	spider monkey, Ateles geoffroyi,	Animal	Mammal		
382	Common Squirrel Monkey	squirrel monkey, Saimiri sciureus,	Animal	Mammal		
383	Ring-tailed Lemur	Madagascar cat, ring-tailed lemur, Lemur catta,	Animal	Mammal		
384	Indri	indri, indris, Indri indri, Indri brevicaudatus,	Animal	Mammal		
385	Asian Elephant	Indian elephant, Elephas maximus,	Animal	Mammal		
386	African Bush Elephant	African elephant, Loxodonta africana,	Animal	Mammal		
387	Red Panda	lesser panda, red panda, panda, bear cat, cat bear, Ailurus fulgens,	Animal	Mammal		
388	Giant Panda	giant panda, panda, panda bear, coon bear, Ailuropoda melanoleuca,	Animal	Mammal		
389	Snoek	barracouta, snoek,	Animal	Fish		
390	Eel	eel,	Animal	Fish		
391	Coho Salmon	coho, cohoe, coho salmon, blue jack, silver salmon, Oncorhynchus kisutch,	Animal	Fish		
392	Rock Beauty	rock beauty, Holocanthus tricolor,	Animal	Fish		
393	Clownfish	anemone fish,	Animal	Fish		
394	Sturgeon	sturgeon,	Animal	Fish		
395	Garfish	gar, garfish, garpike, billfish, Lepisosteus osseus,	Animal	Fish		
396	Lionfish	lionfish,	Animal	Fish		
397	Pufferfish	puffer, pufferfish, blowfish, globefish,	Animal	Fish		
398	Abacus	abacus,	Item	Stationery		
399	Abaya	abaya,	Item	Clothing and Accessories	Accessory	Headwear
400	Academic Gown	academic gown, academic robe, judge's robe,	Item	Clothing and Accessories	Accessory	Outerwear
401	Accordion	accordion, piano accordion, squeeze box,	Item	Music	Keyboard	
402	Acoustic Guitar	acoustic guitar,	Item	Music	String	
403	Aircraft Carrier	aircraft carrier, carrier, flattop, attack aircraft carrier,	Item	Vehicle	Watercraft	
404	Airliner	airliner,	Item	Vehicle	Aircraft	
405	Airship	airship, dirigible,	Item	Vehicle	Aircraft	
406	Altar	altar,	Item	Architecture		
407	Ambulance	ambulance,	Item	Vehicle	Landcraft	
408	Amphibious Vehicle	amphibian, amphibious vehicle,	Item	Vehicle	Amphibious	
409	Analog Clock	analog clock,	Item	Home and Garden	Miscellaneous	
410	Apiary	apiary, bee house,	Item	Architecture		
411	Apron	apron,	Item	Clothing and Accessories	Accessory	Outerwear
412	Waste Container	ashcan, trash can, garbage can, wastebin, ash bin, ash-bin, ashbin, dustbin, trash barrel, trash bin,	Item	Home and Garden	Miscellaneous	
413	Assault Rifle	assault rifle, assault gun,	Item	Sports		
414	Backpack	backpack, back pack, knapsack, packsack, rucksack, haversack,	Item	Clothing and Accessories	Accessory	Bag
415	Bakery	bakery, bakeshop, bakehouse,	Item	Architecture		
416	Balance Beam	balance beam, beam,	Item	Sports		
417	Balloon	balloon,	Item	Vehicle	Aircraft	
418	Ballpoint Pen	ballpoint, ballpoint pen, ballpen, Biro,	Item	Stationery		
419	Band-Aid	Band Aid,	Item	Health and Beauty		
420	Banjo	banjo,	Item	Music	String	
421	Baluster	bannister, banister, balustrade, balusters, handrail,	Item	Architecture		
422	Barbell	barbell,	Item	Sports		
423	Barber Chair	barber chair,	Item	Furniture		
424	Barbershop	barbershop,	Item	Architecture		
425	Barn	barn,	Item	Architecture		
426	Barometer	barometer,	Item	Vehicle	Landcraft	
427	Barrel	barrel, cask,	Item	Ornaments and Collectibles		
428	Wheelbarrow	barrow, garden cart, lawn cart, wheelbarrow,	Item	Home and Garden	Garden	
429	Baseball	baseball,	Item	Sports		
430	Basketball	basketball,	Item	Sports		
431	Bassinet	bassinet,	Item	Furniture		
432	Bassoon	bassoon,	Item	Music	Woodwind	
433	Swimming Cap	bathing cap, swimming cap,	Item	Clothing and Accessories	Sportswear	Swimwear
434	Bath Towel	bath towel,	Item	Home and Garden	Bathroom	
435	Bathtub	bathtub, bathing tub, bath, tub,	Item	Home and Garden	Bathroom	
436	Station Wagon	beach wagon, station wagon, wagon, estate car, beach waggon, station waggon, waggon,	Item	Vehicle	Landcraft	
437	Lighthouse	beacon, lighthouse, beacon light, pharos,	Item	Architecture		
438	Beaker	beaker,	Item	Equipment		
439	Military Cap	bearskin, busby, shako,	Item	Clothing and Accessories	Accessory	Headwear
440	Beer Bottle	beer bottle,	Item	Kitchen	Tableware	
441	Beer Glass	beer glass,	Item	Kitchen	Tableware	
442	Bell-cot	bell cote, bell cot,	Item	Architecture		
443	Bib	bib,	Item	Clothing and Accessories	Accessory	Neckwear
444	Tandem Bicycle	bicycle-built-for-two, tandem bicycle, tandem,	Item	Vehicle	Landcraft	
445	Bikini	bikini, two-piece,	Item	Clothing and Accessories	Sportswear	Swimwear
446	Ring Binder	binder, ring-binder,	Item	Stationery		
447	Binoculars	binoculars, field glasses, opera glasses,	Item	Equipment		
448	Birdhouse	birdhouse,	Item	Architecture		
449	Boathouse	boathouse,	Item	Architecture		
450	Bobsleigh	bobsled, bobsleigh, bob,	Item	Sports		
451	Bolo Tie	bolo tie, bolo, bola tie, bola,	Item	Clothing and Accessories	Accessory	Neckwear
452	Poke Bonnet	bonnet, poke bonnet,	Item	Clothing and Accessories	Accessory	Headwear
453	Bookcase	bookcase,	Item	Furniture		
454	Bookstore	bookshop, bookstore, bookstall,	Item	Architecture		
455	Bottle Cap	bottlecap,	Item	Ornaments and Collectibles		
456	Bow	bow,	Item	Clothing and Accessories	Accessory	Neckwear
457	Bow Tie	bow tie, bow-tie, bowtie,	Item	Clothing and Accessories	Accessory	Neckwear
458	Brass	brass, memorial tablet, plaque,	Item	Architecture		
459	Bra	brassiere, bra, bandeau,	Item	Clothing and Accessories	Underwear	
460	Breakwater	breakwater, groin, groyne, mole, bulwark, seawall, jetty,	Item	Architecture		
461	Breastplate	breastplate, aegis, egis,	Item	Clothing and Accessories	Religious and Traditional	
462	Broom	broom,	Item	Home and Garden	Miscellaneous	
463	Bucket	bucket, pail,	Item	Home and Garden	Miscellaneous	
464	Buckle	buckle,	Item	Clothing and Accessories	Accessory	Belt
465	Bulletproof Vest	bulletproof vest,	Item	Clothing and Accessories	Outerwear	Miscellaneous
466	High-speed Train	bullet train, bullet,	Item	Vehicle	Landcraft	
467	Butcher Shop	butcher shop, meat market,	Item	Architecture		
468	Taxicab	cab, hack, taxi, taxicab,	Item	Vehicle	Landcraft	
469	Cauldron	caldron, cauldron,	Item	Kitchen	Cookware	
470	Candle	candle, taper, wax light,	Item	Ornaments and Collectibles		
471	Cannon	cannon,	Item	Architecture		
472	Canoe	canoe,	Item	Vehicle	Watercraft	
473	Can Opener	can opener, tin opener,	Item	Kitchen	Utensil	
474	Cardigan	cardigan,	Item	Clothing and Accessories	Outerwear	Sweater
475	Car Mirror	car mirror,	Item	Vehicle	Landcraft	
476	Carousel	carousel, carrousel, merry-go-round, roundabout, whirligig,	Item	Architecture		
477	Tool Kit	carpenter's kit, tool kit,	Item	Home and Garden	Miscellaneous	
478	Carton	carton,	Item	Miscellaneous		
479	Car Wheel	car wheel,	Item	Vehicle	Landcraft	
480	Automated Teller Machine	cash machine, cash dispenser, automated teller machine, automatic teller machine, automated teller, automatic teller, ATM,	Item	Device	Electronics	
481	Cassette	cassette,	Item	Device	Electronics	
482	Cassette Player	cassette player,	Item	Device	Electronics	
483	Castle	castle,	Item	Architecture		
484	Catamaran	catamaran,	Item	Vehicle	Watercraft	
485	CD Player	CD player,	Item	Device	Electronics	
486	Cello	cello, violoncello,	Item	Music	String	
487	Mobile Phone	cellular telephone, cellular phone, cellphone, cell, mobile phone,	Item	Device	Electronics	
488	Chain	chain,	Item	Clothing and Accessories	Accessory	Miscellaneous
489	Chain-link Fence	chainlink fence,	Item	Architecture		
490	Chain Mail	chain mail, ring mail, mail, chain armor, chain armour, ring armor, ring armour,	Item	Clothing and Accessories	Religious and Traditional	
491	Chainsaw	chain saw, chainsaw,	Item	Home and Garden	Miscellaneous	
492	Chest	chest,	Item	Furniture		
493	Chiffonier	chiffonier, commode,	Item	Furniture		
494	Chime	chime, bell, gong,	Item	Music	Percussion	
495	China Cabinet	china cabinet, china closet,	Item	Furniture		
496	Christmas Stocking	Christmas stocking,	Item	Ornaments and Collectibles		
497	Church	church, church building,	Item	Architecture		
498	Movie Theater	cinema, movie theater, movie theatre, movie house, picture palace,	Item	Architecture		
499	Cleaver	cleaver, meat cleaver, chopper,	Item	Kitchen	Utensil	
500	Cliff Dwelling	cliff dwelling,	Item	Architecture		
501	Cloak	cloak,	Item	Clothing and Accessories	Outerwear	Miscellaneous
502	Clogs	clog, geta, patten, sabot,	Item	Clothing and Accessories	Footwear	
503	Cocktail Shaker	cocktail shaker,	Item	Kitchen	Utensil	
504	Coffee Mug	coffee mug,	Item	Kitchen	Tableware	
505	Coffeemaker	coffeepot,	Item	Kitchen	Appliance	
506	Coil	coil, spiral, volute, whorl, helix,	Item	Miscellaneous		
507	Combination Lock	combination lock,	Item	Home and Garden	Miscellaneous	
508	Computer Keyboard	computer keyboard, keypad,	Item	Device	Electronics	
509	Confectionery Store	confectionery, confectionary, candy store,	Item	Architecture		
510	Container Ship	container ship, containership, container vessel,	Item	Vehicle	Watercraft	
511	Convertible	convertible,	Item	Vehicle	Landcraft	
512	Corkscrew	corkscrew, bottle screw,	Item	Kitchen	Utensil	
513	Cornet	cornet, horn, trumpet, trump,	Item	Music	Brass	
514	Cowboy Boot	cowboy boot,	Item	Clothing and Accessories	Footwear	
515	Cowboy Hat	cowboy hat, ten-gallon hat,	Item	Clothing and Accessories	Accessory	Miscellaneous
516	Cradle	cradle,	Item	Furniture		
517	Crane	crane,	Item	Vehicle	Landcraft	
518	Crash Helmet	crash helmet,	Item	Clothing and Accessories	Sportswear	Miscellaneous
519	Crate	crate,	Item	Ornaments and Collectibles		
520	Infant Bed	crib, cot,	Item	Furniture		
521	Crock Pot	Crock Pot,	Item	Appliance		
522	Croquet Ball	croquet ball,	Item	Sports		
523	Crutch	crutch,	Item	Equipment		
524	Cuirass	cuirass,	Item	Clothing and Accessories	Religious and Traditional	
525	Dam	dam, dike, dyke,	Item	Architecture		
526	Desk	desk,	Item	Furniture		
527	Desktop Computer	desktop computer,	Item	Device	Electronics	
528	Rotary Dial Telephone	dial telephone, dial phone,	Item	Device	Electronics	
529	Diaper	diaper, nappy, napkin,	Item	Clothing and Accessories	Underwear	
530	Digital Clock	digital clock,	Item	Device	Electronics	
531	Digital Watch	digital watch,	Item	Device	Electronics	
532	Dining Table	dining table, board,	Item	Furniture		
533	Dishcloth	dishrag, dishcloth,	Item	Kitchen	Utensil	
534	Dishwasher	dishwasher, dish washer, dishwashing machine,	Item	Appliances		
535	Disc Brake	disk brake, disc brake,	Item	Vehicle	Landcraft	
536	Dock	dock, dockage, docking facility,	Item	Architecture		
537	Dog Sled	dogsled, dog sled, dog sleigh,	Item	Vehicle	Landcraft	
538	Dome	dome,	Item	Architecture		
539	Doormat	doormat, welcome mat,	Item	Home and Garden	Miscellaneous	
540	Drilling Rig	drilling platform, offshore rig,	Item	Architecture		
541	Drum	drum, membranophone, tympan,	Item	Music	Percussion	
542	Drumstick	drumstick,	Item	Music	Percussion	
543	Dumbbell	dumbbell,	Item	Sports		
544	Dutch Oven	Dutch oven,	Item	Appliances		
545	Electric Fan	electric fan, blower,	Item	Home and Garden	Miscellaneous	
546	Electric Guitar	electric guitar,	Item	Music	String	
547	Electric Locomotive	electric locomotive,	Item	Vehicle	Landcraft	
548	Entertainment Center	entertainment center,	Item	Device	Electronics	
549	Envelope	envelope,	Item	Stationery		
550	Espresso Machine	espresso maker,	Item	Appliances		
551	Face Powder	face powder,	Item	Health and Beauty		
552	Feather Boa	feather boa, boa,	Item	Clothing and Accessories	Accessory	Neckwear
553	Filing Cabinet	file, file cabinet, filing cabinet,	Item	Stationery		
554	Fireboat	fireboat,	Item	Vehicle	Watercraft	
555	Fire Engine	fire engine, fire truck,	Item	Vehicle	Landcraft	
556	Fire Screen Sheet	fire screen, fireguard,	Item	Home and Garden	Miscellaneous	
557	Flagpole	flagpole, flagstaff,	Item	Architecture		
558	Flute	flute, transverse flute,	Item	Music	Flute	
559	Folding Chair	folding chair,	Item	Furniture		
560	Football Helmet	football helmet,	Item	Clothing and Accessories	Sportswear	Miscellaneous
561	Forklift	forklift,	Item	Vehicle	Landcraft	
562	Fountain	fountain,	Item	Architecture		
563	Fountain Pen	fountain pen,	Item	Stationery		
564	Four-poster Bed	four-poster,	Item	Furniture		
565	Freight Car	freight car,	Item	Vehicle	Landcraft	
566	French Horn	French horn, horn,	Item	Music	Brass	
567	Frying Pan	frying pan, frypan, skillet,	Item	Kitchen	Cookware	
568	Fur Coat	fur coat,	Item	Clothing and Accessories	Religious and Traditional	
569	Garbage Truck	garbage truck, dustcart,	Item	Vehicle	Landcraft	
570	Gas Mask	gasmask, respirator, gas helmet,	Item	Clothing and Accessories	Accessory	Headwear
571	Gas Pump	gas pump, gasoline pump, petrol pump, island dispenser,	Item	Architecture		
572	Goblet	goblet,	Item	Kitchen	Tableware	
573	Go-kart	go-kart,	Item	Vehicle	Landcraft	
574	Golf Ball	golf ball,	Item	Sports		
575	Golf Cart	golfcart, golf cart,	Item	Vehicle	Landcraft	
576	Gondola	gondola,	Item	Vehicle	Watercraft	
577	Gong	gong, tam-tam,	Item	Music	Percussion	
578	Gown	gown,	Item	Clothing and Accessories	Dress	
579	Grand Piano	grand piano, grand,	Item	Music	Keyboard	
580	Greenhouse	greenhouse, nursery, glasshouse,	Item	Architecture		
581	Grille	grille, radiator grille,	Item	Vehicle	Landcraft	
582	Grocery Store	grocery store, grocery, food market, market,	Item	Architecture		
583	Guillotine	guillotine,	Item	Stationery		
584	Barrette	hair slide,	Item	Health and Beauty		
585	Hair Spray	hair spray,	Item	Health and Beauty		
586	Half-track	half track,	Item	Vehicle	Landcraft	
587	Hammer	hammer,	Item	Home and Garden	Miscellaneous	
588	Hamper	hamper,	Item	Home and Garden	Miscellaneous	
589	Hair Dryer	hand blower, blow dryer, blow drier, hair dryer, hair drier,	Item	Home and Garden	Miscellaneous	
590	Hand-held Computer	hand-held computer, hand-held microcomputer,	Item	Device	Electronics	
591	Handkerchief	handkerchief, hankie, hanky, hankey,	Item	Clothing and Accessories	Accessory	Miscellaneous
592	Hard Disk Drive	hard disc, hard disk, fixed disk,	Item	Device	Electronics	
593	Harmonica	harmonica, mouth organ, harp, mouth harp,	Item	Music	Woodwind	
594	Harp	harp,	Item	Music	String	
595	Harvester	harvester, reaper,	Item	Vehicle	Landcraft	
596	Hatchet	hatchet,	Item	Home and Garden	Miscellaneous	
597	Holster	holster,	Item	Sports		
598	Home Theater	home theater, home theatre,	Item	Architecture		
599	Honeycomb	honeycomb,	Nature	Miscellaneous		
600	Hook	hook, claw,	Item	Home and Garden	Miscellaneous	
601	Hoop Skirt	hoopskirt, crinoline,	Item	Clothing and Accessories	Skirt	
602	Horizontal Bar	horizontal bar, high bar,	Item	Sports		
603	Horse-drawn Vehicle	horse cart, horse-cart,	Item	Vehicle	Landcraft	
604	Hourglass	hourglass,	Item	Ornaments and Collectibles		
605	IPod	iPod,	Item	Device	Electronics	
606	Clothes Iron	iron, smoothing iron,	Item	Appliances		
607	Jack-o'-lantern	jack-o'-lantern,	Item	Ornaments and Collectibles		
608	Jeans	jean, blue jean, denim,	Item	Clothing and Accessories	Pants	
609	Jeep	jeep, landrover,	Item	Vehicle	Landcraft	
610	T-shirt	jersey, T-shirt, tee shirt,	Item	Clothing and Accessories	Outerwear	Sweater
611	Jigsaw Puzzle	jigsaw puzzle,	Item	Toys and Hobbies		
612	Pulled Rickshaw	jinrikisha, ricksha, rickshaw,	Item	Vehicle	Landcraft	
613	Joystick	joystick,	Item	Device	Electronics	
614	Kimono	kimono,	Item	Clothing and Accessories	Religious and Traditional	
615	Knee Pad	knee pad,	Item	Clothing and Accessories	Sportswear	Miscellaneous
616	Knot	knot,	Item	Miscellaneous		
617	Lab Coat	lab coat, laboratory coat,	Item	Clothing and Accessories	Outerwear	Miscellaneous
618	Ladle	ladle,	Item	Kitchen	Utensil	
619	Lampshade	lampshade, lamp shade,	Item	Home and Garden	Miscellaneous	
620	Laptop Computer	laptop, laptop computer,	Item	Device	Electronics	
621	Lawn Mower	lawn mower, mower,	Item	Home and Garden	Miscellaneous	
622	Lens Cap	lens cap, lens cover,	Item	Device	Electronics	
623	Paper Knife	letter opener, paper knife, paperknife,	Item	Stationery		
624	Library	library,	Item	Architecture		
625	Lifeboat	lifeboat,	Item	Vehicle	Watercraft	
626	Lighter	lighter, light, igniter, ignitor,	Item	Ornaments and Collectibles		
627	Limousine	limousine, limo,	Item	Vehicle	Landcraft	
628	Ocean Liner	liner, ocean liner,	Item	Vehicle	Watercraft	
629	Lipstick	lipstick, lip rouge,	Item	Health and Beauty		
630	Slip-on Shoe	Loafer,	Item	Clothing and Accessories	Footwear	
631	Lotion	lotion,	Item	Health and Beauty		
632	Speaker	loudspeaker, speaker, speaker unit, loudspeaker system, speaker system,	Item	Device	Electronics	
633	Loupe	loupe, jeweler's loupe,	Item	Equipment		
634	Sawmill	lumbermill, sawmill,	Item	Architecture		
635	Magnetic Compass	magnetic compass,	Item	Equipment		
636	Mail Bag	mailbag, postbag,	Item	Clothing and Accessories	Accessory	Bag
637	Mailbox	mailbox, letter box,	Item	Architecture		
638	Tights	maillot,	Item	Clothing and Accessories	Underwear	
639	Tank Suit	maillot, tank suit,	Item	Clothing and Accessories	Sportswear	Swimwear
640	Manhole Cover	manhole cover,	Item	Architecture		
641	Maraca	maraca,	Item	Music	Percussion	
642	Marimba	marimba, xylophone,	Item	Music	Percussion	
643	Mask	mask,	Item	Clothing and Accessories	Accessory	Headwear
644	Match	matchstick,	Item	Equipment		
645	Maypole	maypole,	Item	Architecture		
646	Maze	maze, labyrinth,	Item	Architecture		
647	Measuring Cup	measuring cup,	Item	Kitchen	Utensil	
648	Medicine Chest	medicine chest, medicine cabinet,	Item	Home and Garden	Miscellaneous	
649	Megalith	megalith, megalithic structure,	Item	Architecture		
650	Microphone	microphone, mike,	Item	Music	Miscellaneous	
651	Microwave Oven	microwave, microwave oven,	Item	Appliances		
652	Military Uniform	military uniform,	Item	Clothing and Accessories	Outfit	
653	Milk Can	milk can,	Item	Ornaments and Collectibles		
654	Minibus	minibus,	Item	Vehicle	Landcraft	
655	Miniskirt	miniskirt, mini,	Item	Clothing and Accessories	Skirt	
656	Minivan	minivan,	Item	Vehicle	Landcraft	
657	Missile	missile,	Item	Vehicle	Aircraft	
658	Mitten	mitten,	Item	Clothing and Accessories	Accessory	Miscellaneous
659	Mixing Bowl	mixing bowl,	Item	Kitchen	Cookware	
660	Mobile Home	mobile home, manufactured home,	Item	Architecture		
661	Model T	Model T,	Item	Vehicle	Landcraft	
662	Modem	modem,	Item	Device	Electronics	
663	Monastery	monastery,	Item	Architecture		
664	Monitor	monitor,	Item	Device	Electronics	
665	Moped	moped,	Item	Vehicle	Landcraft	
666	Mortar	mortar,	Item	Kitchen	Cookware	
667	Square Academic Cap	mortarboard,	Item	Clothing and Accessories	Uniform	
668	Mosque	mosque,	Item	Architecture		
669	Mosquito Net	mosquito net,	Item	Home and Garden	Miscellaneous	
670	Scooter	motor scooter, scooter,	Item	Vehicle	Landcraft	
671	Mountain Bike	mountain bike, all-terrain bike, off-roader,	Item	Vehicle	Landcraft	
672	Tent	mountain tent,	Item	Architecture		
673	Computer Mouse	mouse, computer mouse,	Item	Device	Electronics	
674	Mousetrap	mousetrap,	Item	Equipment		
675	Moving Van	moving van,	Item	Vehicle	Landcraft	
676	Muzzle	muzzle,	Item	Equipment		
677	Nail	nail,	Item	Equipment		
678	Neck Brace	neck brace,	Item	Clothing and Accessories	Accessory	Neckwear
679	Necklace	necklace,	Item	Clothing and Accessories	Accessory	Neckwear
680	Nipple	nipple,	Item	Health and Beauty		
681	Notebook Computer	notebook, notebook computer,	Item	Device	Electronics	
682	Obelisk	obelisk,	Item	Architecture		
683	Oboe	oboe, hautboy, hautbois,	Item	Music	Woodwind	
684	Ocarina	ocarina, sweet potato,	Item	Music	Woodwind	
685	Odometer	odometer, hodometer, mileometer, milometer,	Item	Vehicle		
686	Oil Filter	oil filter,	Item	Vehicle	Landcraft	
687	Organ	organ, pipe organ,	Item	Music	Keyboard	
688	Oscilloscope	oscilloscope, scope, cathode-ray oscilloscope, CRO,	Item	Equipment		
689	Overskirt	overskirt,	Item	Clothing and Accessories	Skirt	
690	Bullock Cart	oxcart,	Item	Vehicle	Landcraft	
691	Oxygen Mask	oxygen mask,	Item	Clothing and Accessories	Accessory	Miscellaneous
692	Packet	packet,	Item	Miscellaneous		
693	Paddle	paddle, boat paddle,	Item	Vehicle	Watercraft	
694	Paddle Wheel	paddlewheel, paddle wheel,	Item	Architecture		
695	Padlock	padlock,	Item	Equipment		
696	Paintbrush	paintbrush,	Item	Stationery		
697	Pajamas	pajama, pyjama, pj's, jammies,	Item	Clothing and Accessories	Outfit	
698	Palace	palace,	Item	Architecture		
699	Pan Flute	panpipe, pandean pipe, syrinx,	Item	Music	Woodwind	
700	Paper Towel	paper towel,	Item	Kitchen	Utensil	
701	Parachute	parachute, chute,	Item	Vehicle	Aircraft	
702	Parallel Bars	parallel bars, bars,	Item	Equipment		
703	Park Bench	park bench,	Item	Architecture		
704	Parking Meter	parking meter,	Item	Architecture		
705	Passenger Car	passenger car, coach, carriage,	Item	Vehicle	Landcraft	
706	Patio	patio, terrace,	Item	Architecture		
707	Payphone	pay-phone, pay-station,	Item	Architecture		
708	Pedestal	pedestal, plinth, footstall,	Item	Architecture		
709	Pencil Case	pencil box, pencil case,	Item	Stationery		
710	Pencil Sharpener	pencil sharpener,	Item	Stationery		
711	Perfume	perfume, essence,	Item	Health and Beauty		
712	Petri Dish	Petri dish,	Item	Equipment		
713	Photocopier	photocopier,	Item	Appliance		
714	Plectrum	pick, plectrum, plectron,	Item	Music	String	
715	Pickelhaube	pickelhaube,	Item	Clothing and Accessories	Accessory	Headwear
716	Picket Fence	picket fence, paling,	Item	Architecture		
717	Pickup Truck	pickup, pickup truck,	Item	Vehicle	Landcraft	
718	Pier	pier,	Item	Architecture		
719	Piggy Bank	piggy bank, penny bank,	Item	Ornaments and Collectibles		
720	Pill Bottle	pill bottle,	Item	Health and Beauty		
721	Pillow	pillow,	Item	Home and Garden	Miscellaneous	
722	Ping-pong Ball	ping-pong ball,	Item	Sports		
723	Pinwheel	pinwheel,	Item	Ornaments and Collectibles		
724	Pirate Ship	pirate, pirate ship,	Item	Vehicle	Watercraft	
725	Pitcher	pitcher, ewer,	Item	Kitchen	Tableware	
726	Hand Plane	plane, carpenter's plane, woodworking plane,	Item	Equipment		
727	Planetarium	planetarium,	Item	Architecture		
728	Plastic Bag	plastic bag,	Item	Equipment		
729	Plate Rack	plate rack,	Item	Kitchen	Tableware	
730	Plow	plow, plough,	Item	Vehicle	Landcraft	
731	Plunger	plunger, plumber's helper,	Item	Equipment		
732	Polaroid Camera	Polaroid camera, Polaroid Land camera,	Item	Device	Electronics	
733	Pole	pole,	Item	Architecture		
734	Police Van	police van, police wagon, paddy wagon, patrol wagon, wagon, black Maria,	Item	Vehicle	Landcraft	
735	Poncho	poncho,	Item	Clothing and Accessories	Outerwear	Miscellaneous
736	Billiard Table	pool table, billiard table, snooker table,	Item	Sports		
737	Soda Bottle	pop bottle, soda bottle,	Item	Kitchen	Tableware	
738	Pot	pot, flowerpot,	Item	Home and Garden	Miscellaneous	
739	Potter's Wheel	potter's wheel,	Item	Equipment		
740	Power Drill	power drill,	Item	Equipment		
741	Prayer Rug	prayer rug, prayer mat,	Item	Home and Garden	Miscellaneous	
742	Printer	printer,	Item	Appliance		
743	Prison	prison, prison house,	Item	Architecture		
744	Projectile	projectile, missile,	Item	Vehicle	Aircraft	
745	Projector	projector,	Item	Device	Electronics	
746	Hockey Puck	puck, hockey puck,	Item	Sports		
747	Punching Bag	punching bag, punch bag, punching ball, punchball,	Item	Sports		
748	Purse	purse,	Item	Clothing and Accessories	Accessory	Bag
749	Quill	quill, quill pen,	Item	Stationery		
750	Quilt	quilt, comforter, comfort, puff,	Item	Home and Garden	Miscellaneous	
751	Race Car	racer, race car, racing car,	Item	Sports		
752	Racket	racket, racquet,	Item	Sports		
753	Radiator	radiator,	Item	Appliance		
754	Radio	radio, wireless,	Item	Device	Electronics	
755	Radio Telescope	radio telescope, radio reflector,	Item	Architecture		
756	Rain Barrel	rain barrel,	Item	Ornaments and Collectibles		
757	Recreational Vehicle	recreational vehicle, RV, R.V.,	Item	Vehicle	Landcraft	
758	Reel	reel,	Item	Sports		
759	Reflex Camera	reflex camera,	Item	Device	Electronics	
760	Refrigerator	refrigerator, icebox,	Item	Appliance		
761	Remote Control	remote control, remote,	Item	Device	Electronics	
762	Restaurant	restaurant, eating house, eating place, eatery,	Item	Architecture		
763	Revolver	revolver, six-gun, six-shooter,	Item	Sports		
764	Rifle	rifle,	Item	Sports		
765	Rocking Chair	rocking chair, rocker,	Item	Furniture		
766	Rotisserie	rotisserie,	Item	Appliance		
767	Eraser	rubber eraser, rubber, pencil eraser,	Item	Stationery		
768	Rugby Ball	rugby ball,	Item	Sports		
769	Ruler	rule, ruler,	Item	Stationery		
770	Running Shoe	running shoe,	Item	Clothing and Accessories	Footwear	
771	Safe	safe,	Item	Home and Garden	Miscellaneous	
772	Safety Pin	safety pin,	Item	Stationery		
773	Salt Shaker	saltshaker, salt shaker,	Item	Kitchen	Tableware	
774	Sandal	sandal,	Item	Clothing and Accessories	Footwear	
775	Sarong	sarong,	Item	Clothing and Accessories	Outerwear	Miscellaneous
776	Saxophone	sax, saxophone,	Item	Music	Woodwind	
777	Scabbard	scabbard,	Item	Ornaments and Collectibles		
778	Weighing Scale	scale, weighing machine,	Item	Appliance		
779	School Bus	school bus,	Item	Vehicle	Landcraft	
780	Schooner	schooner,	Item	Vehicle	Watercraft	
781	Scoreboard	scoreboard,	Item	Sports		
782	CRT Screen	screen, CRT screen,	Item	Device	Electronics	
783	Screw	screw,	Item	Equipment		
784	Screwdriver	screwdriver,	Item	Equipment		
785	Seat Belt	seat belt, seatbelt,	Item	Vehicle	Landcraft	
786	Sewing Machine	sewing machine,	Item	Appliances		
787	Shield	shield, buckler,	Item	Ornaments and Collectibles		
788	Shoe Store	shoe shop, shoe-shop, shoe store,	Item	Architecture		
789	Shoji	shoji,	Item	Architecture		
790	Shopping Basket	shopping basket,	Item	Equipment		
791	Shopping Cart	shopping cart,	Item	Equipment		
792	Shovel	shovel,	Item	Equipment		
793	Shower Cap	shower cap,	Item	Health and Beauty		
794	Shower Curtain	shower curtain,	Item	Home and Garden	Miscellaneous	
795	Ski	ski,	Item	Sports		
796	Ski Mask	ski mask,	Item	Clothing and Accessories	Sportswear	Miscellaneous
797	Sleeping Bag	sleeping bag,	Item	Equipment		
798	Slide Rule	slide rule, slipstick,	Item	Equipment		
799	Sliding Door	sliding door,	Item	Architecture		
800	Slot Machine	slot, one-armed bandit,	Item	Miscellaneous		
801	Snorkel	snorkel,	Item	Clothing and Accessories	Sportswear	Miscellaneous
802	Snowmobile	snowmobile,	Item	Vehicle	Landcraft	
803	Snowplow	snowplow, snowplough,	Item	Vehicle	Landcraft	
804	Soap Dispenser	soap dispenser,	Item	Home and Garden	Miscellaneous	
805	Soccer Ball	soccer ball,	Item	Sports		
806	Sock	sock,	Item	Clothing and Accessories	Footwear	
807	Solar Thermal Collector	solar dish, solar collector, solar furnace,	Item	Architecture		
808	Sombrero	sombrero,	Item	Clothing and Accessories	Accessory	Headwear
809	Soup Bowl	soup bowl,	Food	Cooked		
810	Space Bar	space bar,	Item	Device	Electronics	
811	Space Heater	space heater,	Item	Appliance		
812	Space Shuttle	space shuttle,	Item	Vehicle	Spacecraft	
813	Spatula	spatula,	Item	Kitchen	Utensil	
814	Motorboat	speedboat,	Item	Vehicle	Watercraft	
815	Spider Web	spider web, spider's web,	Item	Nature		
816	Spindle	spindle,	Item	Equipment		
817	Sports Car	sports car, sport car,	Item	Vehicle	Landcraft	
818	Spotlight	spotlight, spot,	Item	Architecture		
819	Stage	stage,	Item	Architecture		
820	Steam Locomotive	steam locomotive,	Item	Vehicle	Landcraft	
821	Through Arch Bridge	steel arch bridge,	Item	Architecture		
822	Steel Drum	steel drum,	Item	Music	Percussion	
823	Stethoscope	stethoscope,	Item	Equipment		
824	Scarf	stole,	Item	Clothing and Accessories	Accessory	Neckwear
825	Stone Wall	stone wall,	Item	Architecture		
826	Stopwatch	stopwatch, stop watch,	Item	Equipment		
827	Stove	stove,	Item	Appliance		
828	Strainer	strainer,	Item	Kitchen	Cookware	
829	Tram	streetcar, tram, tramcar, trolley, trolley car,	Item	Vehicle	Landcraft	
830	Stretcher	stretcher,	Item	Equipment		
831	Couch	studio couch, day bed,	Item	Furniture		
832	Stupa	stupa, tope,	Item	Architecture		
833	Submarine	submarine, pigboat, sub, U-boat,	Item	Vehicle	Watercraft	
834	Suit	suit, suit of clothes,	Item	Clothing and Accessories	Outfit	
835	Sundial	sundial,	Item	Architecture		
836	Sunglass	sunglass,	Item	Clothing and Accessories	Accessory	Miscellaneous
837	Sunglasses	sunglasses, dark glasses, shades,	Item	Clothing and Accessories	Accessory	Miscellaneous
838	Sunscreen	sunscreen, sunblock, sun blocker,	Item	Health and Beauty		
839	Suspension Bridge	suspension bridge,	Item	Architecture		
840	Mop	swab, swob, mop,	Item	Equipment		
841	Sweatshirt	sweatshirt,	Item	Clothing and Accessories	Outerwear	Sweater
842	Swimsuit	swimming trunks, bathing trunks,	Item	Clothing and Accessories	Sportswear	Swimwear
843	Swing	swing,	Item	Architecture		
844	Switch	switch, electric switch, electrical switch,	Item	Device	Electronics	
845	Syringe	syringe,	Item	Equipment		
846	Table Lamp	table lamp,	Item	Furniture		
847	Tank	tank, army tank, armored combat vehicle, armoured combat vehicle,	Item	Vehicle	Landcraft	
848	Tape Player	tape player,	Item	Device	Electronics	
849	Teapot	teapot,	Item	Kitchen	Tableware	
850	Teddy Bear	teddy, teddy bear,	Item	Ornaments and Collectibles		
851	Television	television, television system,	Item	Appliance		
852	Tennis Ball	tennis ball,	Item	Sports		
853	Thatched Roof	thatch, thatched roof,	Item	Architecture		
854	Front Curtain	theater curtain, theatre curtain,	Item	Architecture		
855	Thimble	thimble,	Item	Equipment		
856	Threshing Machine	thresher, thrasher, threshing machine,	Item	Vehicle	Landcraft	
857	Throne	throne,	Item	Furniture		
858	Tile Roof	tile roof,	Item	Architecture		
859	Toaster	toaster,	Item	Appliance		
860	Tobacco Shop	tobacco shop, tobacconist shop, tobacconist,	Item	Architecture		
861	Toilet Seat	toilet seat,	Item	Furniture		
862	Torch	torch,	Item	Equipment		
863	Totem Pole	totem pole,	Item	Architecture		
864	Tow Truck	tow truck, tow car, wrecker,	Item	Vehicle	Landcraft	
865	Toy Store	toyshop,	Item	Architecture		
866	Tractor	tractor,	Item	Vehicle	Landcraft	
867	Semi-trailer Truck	trailer truck, tractor trailer, trucking rig, rig, articulated lorry, semi,	Item	Vehicle	Landcraft	
868	Tray	tray,	Item	Kitchen	Tableware	
869	Trench Coat	trench coat,	Item	Clothing and Accessories	Outerwear	Miscellaneous
870	Tricycle	tricycle, trike, velocipede,	Item	Vehicle	Landcraft	
871	Trimaran	trimaran,	Item	Vehicle	Watercraft	
872	Tripod	tripod,	Item	Equipment		
873	Triumphal Arch	triumphal arch,	Item	Architecture		
874	Trolleybus	trolleybus, trolley coach, trackless trolley,	Item	Vehicle	Landcraft	
875	Trombone	trombone,	Item	Music	Brass	
876	Tub	tub, vat,	Item	Home and Garden	Miscellaneous	
877	Turnstile	turnstile,	Item	Architecture		
878	Typewriter Keyboard	typewriter keyboard,	Item	Equipment		
879	Umbrella	umbrella,	Item	Equipment		
880	Unicycle	unicycle, monocycle,	Item	Vehicle	Landcraft	
881	Upright Piano	upright, upright piano,	Item	Music	Keyboard	
882	Vacuum Cleaner	vacuum, vacuum cleaner,	Item	Appliance		
883	Vase	vase,	Item	Home and Garden	Miscellaneous	
884	Vault	vault,	Item	Architecture		
885	Velvet	velvet,	Item	Material		
886	Vending Machine	vending machine,	Item	Architecture		
887	Vestment	vestment,	Item	Clothing and Accessories	Religious and Traditional	
888	Viaduct	viaduct,	Item	Architecture		
889	Violin	violin, fiddle,	Item	Music	String	
890	Volleyball	volleyball,	Item	Sports		
891	Waffle Iron	waffle iron,	Item	Appliance		
892	Wall Clock	wall clock,	Item	Home and Garden	Miscellaneous	
893	Wallet	wallet, billfold, notecase, pocketbook,	Item	Clothing and Accessories	Accessory	Miscellaneous
894	Wardrobe	wardrobe, closet, press,	Item	Furniture		
895	Military Aircraft	warplane, military plane,	Item	Vehicle	Aircraft	
896	Sink	washbasin, handbasin, washbowl, lavabo, wash-hand basin,	Item	Appliance		
897	Washing Machine	washer, automatic washer, washing machine,	Item	Appliance		
898	Water Bottle	water bottle,	Item	Equipment		
899	Water Jug	water jug,	Item	Kitchen	Tableware	
900	Water Tower	water tower,	Item	Architecture		
901	Whiskey Jug	whiskey jug,	Item	Kitchen	Tableware	
902	Whistle	whistle,	Item	Sports		
903	Wig	wig,	Item	Clothing and Accessories	Accessory	Headwear
904	Window Screen	window screen,	Item	Architecture		
905	Window Shade	window shade,	Item	Architecture		
906	Windsor Tie	Windsor tie,	Item	Clothing and Accessories	Accessory	Neckwear
907	Wine Bottle	wine bottle,	Item	Kitchen	Tableware	
908	Wing	wing,	Item	Vehicle	Aircraft	
909	Wok	wok,	Item	Kitchen	Cookware	
910	Wooden Spoon	wooden spoon,	Item	Kitchen	Utensil	
911	Wool	wool, woolen, woollen,	Item	Material		
912	Split-rail Fence	worm fence, snake fence, snake-rail fence, Virginia fence,	Item	Architecture		
913	Shipwreck	wreck,	Item	Miscellaneous		
914	Yawl	yawl,	Item	Vehicle	Watercraft	
915	Yurt	yurt,	Item	Architecture		
916	Website	web site, website, internet site, site,	Item	Miscellaneous		
917	Comic Book	comic book,	Item	Miscellaneous		
918	Crossword	crossword puzzle, crossword,	Item	Miscellaneous		
919	Traffic Sign	street sign,	Item	Architecture		
920	Traffic Light	traffic light, traffic signal, stoplight,	Item	Architecture		
921	Dust Jacket	book jacket, dust cover, dust jacket, dust wrapper,	Item	Stationery		
922	Menu	menu,	Item	Miscellaneous		
923	Plate	plate,	Item	Kitchen	Tableware	
924	Guacamole	guacamole,	Food	Cooked		
925	Consomme	consomme,	Food	Cooked		
926	Hot Pot	hot pot, hotpot,	Food	Cooked		
927	Trifle	trifle,	Food	Dessert		
928	Ice Cream	ice cream, icecream,	Food	Dessert		
929	Ice Pop	ice lolly, lolly, lollipop, popsicle,	Food	Dessert		
930	Baguette	French loaf,	Food	Pastry		
931	Bagel	bagel, beigel,	Food	Pastry		
932	Pretzel	pretzel,	Food	Pastry		
933	Cheeseburger	cheeseburger,	Food	Cooked		
934	Hot Dog	hotdog, hot dog, red hot,	Food	Cooked		
935	Mashed Potato	mashed potato,	Food	Cooked		
936	Cabbage	head cabbage,	Food	Vegetable		
937	Broccoli	broccoli,	Food	Vegetable		
938	Cauliflower	cauliflower,	Food	Vegetable		
939	Zucchini	zucchini, courgette,	Food	Vegetable		
940	Spaghetti Squash	spaghetti squash,	Food	Vegetable		
941	Acorn Squash	acorn squash,	Food	Vegetable		
942	Butternut Squash	butternut squash,	Food	Vegetable		
943	Cucumber	cucumber, cuke,	Food	Vegetable		
944	Artichoke	artichoke, globe artichoke,	Food	Vegetable		
945	Bell Pepper	bell pepper,	Food	Vegetable		
946	Cardoon	cardoon,	Food	Vegetable		
947	Mushroom	mushroom,	Food	Vegetable		
948	Granny Smith	Granny Smith,	Food	Fruit		
949	Strawberry	strawberry,	Food	Fruit		
950	Orange	orange,	Food	Fruit		
951	Lemon	lemon,	Food	Fruit		
952	Fig	fig,	Food	Fruit		
953	Pineapple	pineapple, ananas,	Food	Fruit		
954	Banana	banana,	Food	Fruit		
955	Jackfruit	jackfruit, jak, jack,	Food	Fruit		
956	Custard Apple	custard apple,	Food	Fruit		
957	Pomegranate	pomegranate,	Food	Fruit		
958	Hay	hay,	Food	Vegetable		
959	Carbonara	carbonara,	Food	Cooked		
960	Chocolate Syrup	chocolate sauce, chocolate syrup,	Food	Dessert		
961	Dough	dough,	Food	Pastry		
962	Meatloaf	meat loaf, meatloaf,	Food	Cooked		
963	Pizza	pizza, pizza pie,	Food	Cooked		
964	Pot Pie	potpie,	Food	Cooked		
965	Burrito	burrito,	Food	Cooked		
966	Red Wine	red wine,	Food	Drink		
967	Espresso	espresso,	Food	Drink		
968	Cup	cup,	Item	Kitchen	Tableware	
969	Eggnog	eggnog,	Food	Drink		
970	Alp	alp,	Nature	Geography		
971	Bubble	bubble,	Nature	Miscellaneous		
972	Cliff	cliff, drop, drop-off,	Nature	Geography		
973	Coral Reef	coral reef,	Nature	Geography		
974	Geyser	geyser,	Nature	Geography		
975	Lakeshore	lakeside, lakeshore,	Nature	Geography		
976	Promontory	promontory, headland, head, foreland,	Nature	Geography		
977	Shoal	sandbar, sand bar,	Nature	Geography		
978	Seashore	seashore, coast, seacoast, sea-coast,	Nature	Geography		
979	Valley	valley, vale,	Nature	Geography		
980	Volcano	volcano,	Nature	Geography		
981	Baseball Player	ballplayer, baseball player,	People			
982	Bridegroom	groom, bridegroom,	People			
983	Scuba Diver	scuba diver,	People			
984	Rapeseed	rapeseed,	Nature	Plant	Flower	
985	Daisy	daisy,	Nature	Plant	Flower	
986	Yellow Lady's Slipper	yellow lady's slipper, yellow lady-slipper, Cypripedium calceolus, Cypripedium parviflorum,	Nature	Plant	Flower	
987	Corn	corn,	Food	Vegetable		
988	Acorn	acorn,	Nature	Plant	Seeds	
989	Rose Hip	hip, rose hip, rosehip,	Nature	Plant	Flower	
990	Horse Chestnut Seed	buckeye, horse chestnut, conker,	Nature	Plant	Seeds	
991	Coral Fungus	coral fungus,	Nature	Plant	Fungi	
992	Agaric	agaric,	Nature	Plant	Fungi	
993	Gyromitra	gyromitra,	Nature	Plant	Fungi	
994	Stinkhorn Mushroom	stinkhorn, carrion fungus,	Nature	Plant	Fungi	
995	Earth Star	earthstar,	Nature	Plant	Fungi	
996	Hen-of-the-woods	hen-of-the-woods, hen of the woods, Polyporus frondosus, Grifola frondosa,	Nature	Plant	Fungi	
997	Bolete	bolete,	Nature	Plant	Fungi	
998	Ear	ear, spike, capitulum,	Nature	Plant	Fungi	
999	Toilet Paper	toilet tissue, toilet paper, bathroom tissue	Item	Home and Garden	Bathroom	